Workbook

Sheet biometric
A1: Emp ID | B1: Name | C1: Designation | D1: Department | E1: late_flags | F1: early_flags | G1: half_day_flags | H1: actual_AM_abs | I1: actual_PM_abs | J1: actual_days_abs | K1: actual_No_of_late | L1: Absent | M1: Working Days | N1: Present
A2: GCU010004 | B2: Kishore Kumar Choudhury | C2: - | D2: Administration | E2: ['8_28', '8_29', '8_30', '9_02', '9_03', '9_05', '9_08', '9_09', '9_10', '9_11', '9_12', '9_15', '9_18', '9_19'] | F2: [] | G2: ['8_26', '8_27', '8_28', '8_29', '9_01', '9_02', '9_04', '9_08', '9_10', '9_11', '9_12', '9_15', '9_18'] | H2: ['9_11', '8_26', '9_10', '9_18', '9_01', '9_15', '9_02', '9_04', '8_27', '8_29', '8_28', '9_12'] | I2: ['9_08'] | J2: ['9_06', '8_31', '9_07', '9_14', '9_17', '9_16', '9_20'] | K2: 14 | L2: 7.5 | M2: 20 | N2: 12.5
A3: GCU010005 | B3: Dwipen Das | C3: Administration | D3: Administration | E3: ['8_30', '9_02', '9_04', '9_09', '9_12', '9_15', '9_17', '9_19'] | F3: ['9_17'] | G3: ['9_17', '9_17'] | H3: [] | I3: [] | J3: ['9_06', '8_31', '9_07', '9_14', '9_17', '9_20'] | K3: 8 | L3: 0 | M3: 20 | N3: 20
A4: GCU010011 | B4: Nripen Chandra Barman | C4: - | D4: Administration | E4: [] | F4: [] | G4: [] | H4: [] | I4: [] | J4: ['9_06', '8_31', '9_07', '9_14', '9_17', '9_20'] | K4: 0 | L4: 0 | M4: 20 | N4: 20
A5: GCU010012 | B5: Sourobh Mazinder Barua | C5: - | D5: Administration | E5: [] | F5: [] | G5: [] | H5: [] | I5: [] | J5: ['9_06', '8_31', '9_07', '9_14', '9_17', '9_20'] | K5: 0 | L5: 0 | M5: 20 | N5: 20
A6: GCU010024 | B6: Mridul Das | C6: - | D6: Administration | E6: ['9_09'] | F6: [] | G6: ['9_15'] | H6: [] | I6: ['9_15'] | J6: ['9_06', '8_31', '9_07', '9_14', '9_17', '9_20'] | K6: 1 | L6: 0.5 | M6: 20 | N6: 19.5
A7: GCU010025 | B7: Arup Kumar Das | C7: Administration | D7: Administration | E7: [] | F7: ['9_16'] | G7: [] | H7: [] | I7: [] | J7: ['9_06', '8_31', '9_07', '9_14', '9_17', '9_20'] | K7: 0 | L7: 0 | M7: 20 | N7: 20
A8: GCU010026 | B8: Biraj Kr. Borgohain | C8: - | D8: Administration | E8: ['8_26', '8_27', '8_28', '8_29', '8_30', '9_01', '9_02', '9_03', '9_04', '9_05', '9_09', '9_10', '9_11', '9_12', '9_13', '9_15', '9_16', '9_18', '9_19'] | F8: [] | G8: [] | H8: [] | I8: [] | J8: ['9_06', '8_31', '9_07', '9_14', '9_17', '9_08', '9_20'] | K8: 19 | L8: 1 | M8: 20 | N8: 19
A9: GCU010033 | B9: Parash Kumar Das | C9: Lab assistant | D9: Administration | E9: ['8_30', '9_02', '9_10', '9_18'] | F9: [] | G9: [] | H9: [] | I9: [] | J9: ['9_06', '8_31', '9_07', '9_14', '9_17', '9_20', '8_27', '8_28'] | K9: 4 | L9: 2 | M9: 20 | N9: 18
A10: GCU010034 | B10: Manish Das | C10: - | D10: Admin Non Teaching | E10: ['8_27', '9_01'] | F10: [] | G10: ['9_11', '9_18'] | H10: ['9_11', '9_18'] | I10: [] | J10: ['9_06', '8_31', '9_07', '9_14', '9_17', '9_20'] | K10: 2 | L10: 1 | M10: 20 | N10: 19
A11: GCU010036 | B11: Pranjeet Das | C11: - | D11: Administration | E11: ['8_27', '9_09', '9_10', '9_11', '9_15', '9_16'] | F11: ['8_27'] | G11: ['8_27'] | H11: [] | I11: ['8_27'] | J11: ['9_06', '8_31', '9_07', '9_14', '9_17', '9_20'] | K11: 6 | L11: 0.5 | M11: 20 | N11: 19.5
A12: GCU010037 | B12: ANUJ MEDHI | C12: - | D12: Administration | E12: [] | F12: ['8_27'] | G12: ['8_27', '9_19'] | H12: [] | I12: ['8_27', '9_19'] | J12: ['9_06', '8_31', '9_07', '9_14', '9_17', '9_20'] | K12: 0 | L12: 1 | M12: 20 | N12: 19
A13: GCU010038 | B13: Nayanjyoti Baruah | C13: - | D13: Admin Non Teaching | E13: ['8_27', '8_29', '9_02', '9_04', '9_16', '9_19'] | F13: [] | G13: [] | H13: [] | I13: [] | J13: ['9_06', '8_31', '9_07', '9_14', '9_17', '9_20', '9_01'] | K13: 6 | L13: 1 | M13: 20 | N13: 19
... A134: GCU030171 | B134: Jiten Das | C134: Non Teaching | D134: Admin Non Teaching | E134: [] | F134: ['9_17'] | G134: ['9_17'] | H134: [] | I134: ['9_17'] | J134: ['9_14', '8_31', '9_07'] | K134: 0 | L134: -2.5 | M134: 20 | N134: 22.5
A135: GCU030172 | E135: ['8_26', '8_27', '8_28', '8_29', '8_30', '9_01', '9_02', '9_03', '9_05', '9_08', '9_09', '9_10', '9_11', '9_12', '9_13', '9_15', '9_16'] | F135: ['8_30', '9_01', '9_09', '9_10'] | G135: ['8_26', '8_27', '8_28', '8_29', '8_30', '9_01', '9_02', '9_03', '9_05', '9_08', '9_09', '9_10', '9_11', '9_12', '9_13', '9_15', '9_16'] | H135: ['9_01', '9_10'] | I135: ['9_11', '9_13', '8_26', '9_09', '9_03', '9_08', '9_05', '9_15', '9_16', '9_02', '8_27', '8_29', '8_28', '8_30', '9_12'] | J135: ['9_06', '8_31', '9_18', '9_07', '9_14', '9_17', '9_20', '9_04', '9_19'] | K135: 17 | L135: 11.5 | M135: 20 | N135: 8.5
A136: GCU030175 | B136: Mrinmoy Gogoi | C136: Non Teaching | D136: Admin Non Teaching | E136: ['8_30', '9_03', '9_04', '9_05', '9_12', '9_18'] | F136: [] | G136: ['8_30', '9_16'] | H136: [] | I136: ['8_30', '9_16'] | J136: ['9_06', '8_31', '9_07', '9_14', '9_17', '9_15', '9_02', '9_20'] | K136: 6 | L136: 3 | M136: 20 | N136: 17
A137: GCU030176 | B137: Anisha Akhter | C137: Non Teaching | D137: Admin Non Teaching | E137: ['8_29', '8_30', '9_03', '9_11', '9_12', '9_18'] | F137: [] | G137: [] | H137: [] | I137: [] | J137: ['9_06', '8_26', '8_31', '9_07', '9_14', '9_17', '9_16', '9_20'] | K137: 6 | L137: 2 | M137: 20 | N137: 18
A138: GCU030178 | B138: Nisha Kalita | C138: Security Guard | D138: Admin Non Teaching | E138: ['8_26', '8_27', '8_29', '8_30', '8_31', '9_08', '9_09', '9_10', '9_12', '9_13', '9_14'] | F138: ['9_01', '9_02', '9_03', '9_04', '9_06', '9_07', '9_15', '9_16', '9_17', '9_18', '9_20'] | G138: ['8_26', '8_27', '8_29', '8_30', '8_31', '9_01', '9_02', '9_03', '9_04', '9_06', '9_07', '9_08', '9_09', '9_10', '9_12', '9_13', '9_14', '9_15', '9_16', '9_17', '9_18', '9_20'] | H138: ['9_13', '8_26', '8_31', '9_09', '9_10', '9_14', '9_08', '8_27', '8_29', '8_30', '9_12'] | I138: ['9_06', '9_07', '9_18', '9_03', '9_17', '9_15', '9_16', '9_02', '9_04', '9_20', '9_01'] | J138: ['9_11', '9_19'] | K138: 11 | L138: 7 | M138: 20 | N138: 13
A139: GCU030179 | B139: Akash Basfor | C139: Cleaner | D139: Admin Non Teaching | E139: ['8_31', '9_02', '9_06', '9_07', '9_20'] | F139: ['8_27', '8_31', '9_06', '9_07', '9_16', '9_20'] | G139: ['8_27', '9_06', '9_07', '9_16'] | H139: [] | I139: ['9_06', '8_27', '9_16', '9_07'] | J139: ['9_14', '9_03', '8_28', '9_17'] | K139: 5 | L139: 0 | M139: 20 | N139: 20
A140: GCU030181 | B140: Minakshi Patowari | C140: Security Guard | D140: Admin Non Teaching | E140: ['9_01', '9_02', '9_03', '9_04', '9_06', '9_07', '9_15', '9_16', '9_17', '9_18', '9_20'] | F140: ['8_26', '8_27', '8_29', '8_31', '9_08', '9_09', '9_10', '9_12', '9_13'] | G140: ['8_27', '8_29', '8_31', '9_01', '9_02', '9_03', '9_04', '9_06', '9_07', '9_08', '9_09', '9_10', '9_12', '9_13', '9_14', '9_15', '9_16', '9_17', '9_18', '9_20'] | H140: ['9_06', '9_07', '9_18', '9_14', '9_17', '9_01', '9_15', '9_16', '9_02', '9_04', '9_20', '9_03'] | I140: ['9_13', '8_31', '9_10', '8_29', '9_08', '8_27', '9_09', '9_12'] | J140: ['9_05', '8_28'] | K140: 11 | L140: 6 | M140: 20 | N140: 14
A141: GCU030183 | E141: ['8_27', '9_01'] | F141: ['9_02', '9_15', '9_16'] | G141: ['9_01'] | H141: [] | I141: ['9_01'] | J141: ['9_06', '8_31', '9_07', '9_14', '9_17', '9_20'] | K141: 2 | L141: 0.5 | M141: 20 | N141: 19.5
A142: GCU030184 | E142: [] | F142: ['8_28', '8_31', '9_01', '9_06', '9_12', '9_14'] | G142: ['8_28', '9_01', '9_17'] | H142: [] | I142: ['9_01', '8_28', '9_17'] | J142: ['9_13', '9_07', '9_02', '9_20', '8_29'] | K142: 0 | L142: 0.5 | M142: 20 | N142: 19.5
A143: GCU030185 | E143: ['8_30'] | F143: ['8_28', '9_04', '9_07', '9_11'] | G143: ['8_28', '8_30', '8_31', '9_01', '9_04', '9_05', '9_07', '9_08', '9_11', '9_12', '9_15', '9_19'] | H143: ['9_08', '9_05', '9_15', '9_01', '8_30', '9_12', '9_19'] | I143: ['9_11', '8_31', '9_07', '9_04', '8_28'] | J143: ['9_14', '8_29'] | K143: 1 | L143: 2 | M143: 20 | N143: 18
A144: GCU030186 | E144: ['8_26', '8_27', '8_28', '8_29', '8_30', '8_31', '9_01', '9_02', '9_03', '9_04', '9_05', '9_06', '9_09', '9_10', '9_11', '9_12', '9_14', '9_15', '9_18', '9_19', '9_20'] | F144: [] | G144: ['8_31', '9_14', '9_17', '9_20'] | H144: ['9_14', '8_31', '9_20'] | I144: ['9_17'] | J144: ['9_08', '9_07'] | K144: 21 | L144: -2 | M144: 20 | N144: 22

Sheet exempted
A1: Emp ID | B1: exempt_late | C1: exempt_half_day | D1: exempt_full_day
A2: GCU020001 | B2: 0 | C2: 0 | D2: 0
A3: GCU020002 | B3: 0 | C3: 0 | D3: 0
A4: GCU020003 | B4: 0 | C4: 0 | D4: 0
A5: GCU020004 | B5: 0 | C5: 0 | D5: 0
A6: GCU020006 | B6: 0 | C6: 0 | D6: 0
A7: GCU020007 | B7: 0 | C7: 0 | D7: 0
A8: GCU020008 | B8: 0 | C8: 0 | D8: 0
A9: GCU020009 | B9: 0 | C9: 0 | D9: 0
A10: GCU020010 | B10: 0 | C10: 0 | D10: 0
A11: GCU020011 | B11: 2 | C11: 0 | D11: 0
A12: GCU020012 | B12: 0 | C12: 0 | D12: 0
A13: GCU020013 | B13: 0 | C13: 0 | D13: 0
... A178: GCU030031 | B178: 0 | C178: 0 | D178: 9

Sheet erp_leave
A1: Emp ID | B1: Total WD leaves | C1: Corrected EOL
A2: GCU010013 | B2: 4.5 | C2: 0
A3: GCU010017 | B3: 1 | C3: 0
A4: GCU010026 | B4: 1 | C4: 0
A5: GCU010033 | B5: 2 | C5: 0
A6: GCU010036 | B6: 0.5 | C6: 0
A7: GCU010037 | B7: 0.5 | C7: 0
A8: GCU010038 | B8: 1 | C8: 0
A9: GCU010039 | B9: 1 | C9: 0
A10: GCU010040 | B10: 1 | C10: 0
A11: GCU010042 | B11: 0.5 | C11: 0
A12: GCU010043 | B12: 5 | C12: 0
A13: GCU010044 | B13: 2 | C13: 0
... A192: T02 | B192: 1 | C192: 0

Sheet calculation
A1: =biometric!A1 -> Emp ID | B1: =biometric!B1 -> Name | C1: =biometric!C1 -> Designation | D1: =biometric!D1 -> Department | E1: Working Days | F1: Present | G1: Present | H1: Absent | I1: Late | J1: exempt_late | K1: exempt_half_day | L1: exempt_full_day | M1: exempted | N1: Absent-exempted | O1: ERP Leave | P1: Unauthorise leave
A2: =biometric!A2 -> GCU010004 | B2: =biometric!B2 -> Kishore Kumar Choudhury | C2: =biometric!C2 -> - | D2: =biometric!D2 -> Administration | E2: 20 | F2: =IFERROR(VLOOKUP(biometric!$A:$N,A2,14,FALSE),0) -> 0 | G2: =IFERROR(VLOOKUP(biometric!$A:$N,B2,14,FALSE),0) -> 0 | H2: =IFERROR(VLOOKUP(#REF!,#REF!, 7, FALSE), "") | I2: =IFERROR(VLOOKUP(#REF!,#REF!, 14, FALSE), "") | J2: =IFERROR(VLOOKUP(#REF!,#REF!, 2, FALSE), "") | K2: =IFERROR(VLOOKUP(#REF!,#REF!, 3, FALSE), "") | L2: =IFERROR(VLOOKUP(#REF!,#REF!, 4, FALSE), "") | M2: =IFERROR(K2*0.5+L2*1,0) -> 0 | N2: =H2-M2 -> #VALUE! | O2: =IFERROR(VLOOKUP(#REF!, erp_leave!$A:$D, 2, FALSE), "") | P2: =IFERROR(ABS(O2-N2),0) -> 0
A3: =biometric!A3 -> GCU010005 | B3: =biometric!B3 -> Dwipen Das | C3: =biometric!C3 -> Administration | D3: =biometric!D3 -> Administration | E3: 20 | G3: =IFERROR(VLOOKUP(#REF!,#REF!, 6, FALSE), "") | H3: =IFERROR(VLOOKUP(#REF!,#REF!, 7, FALSE), "") | I3: =IFERROR(VLOOKUP(#REF!,#REF!, 14, FALSE), "") | J3: =IFERROR(VLOOKUP(#REF!,#REF!, 2, FALSE), "") | K3: =IFERROR(VLOOKUP(#REF!,#REF!, 3, FALSE), "") | L3: =IFERROR(VLOOKUP(#REF!,#REF!, 4, FALSE), "") | M3: =IFERROR(K3*0.5+L3*1,0) -> 0 | N3: =H3-M3 -> #VALUE! | O3: =IFERROR(VLOOKUP(#REF!, erp_leave!$A:$D, 2, FALSE), "") | P3: =IFERROR(ABS(O3-N3),0) -> 0
A4: =biometric!A4 -> GCU010011 | B4: =biometric!B4 -> Nripen Chandra Barman | C4: =biometric!C4 -> - | D4: =biometric!D4 -> Administration | E4: 20 | G4: =IFERROR(VLOOKUP(#REF!,#REF!, 6, FALSE), "") | H4: =IFERROR(VLOOKUP(#REF!,#REF!, 7, FALSE), "") | I4: =IFERROR(VLOOKUP(#REF!,#REF!, 14, FALSE), "") | J4: =IFERROR(VLOOKUP(#REF!,#REF!, 2, FALSE), "") | K4: =IFERROR(VLOOKUP(#REF!,#REF!, 3, FALSE), "") | L4: =IFERROR(VLOOKUP(#REF!,#REF!, 4, FALSE), "") | M4: =IFERROR(K4*0.5+L4*1,0) -> 0 | N4: =H4-M4 -> #VALUE! | O4: =IFERROR(VLOOKUP(#REF!, erp_leave!$A:$D, 2, FALSE), "") | P4: =IFERROR(ABS(O4-N4),0) -> 0
A5: =biometric!A5 -> GCU010012 | B5: =biometric!B5 -> Sourobh Mazinder Barua | C5: =biometric!C5 -> - | D5: =biometric!D5 -> Administration | E5: 20 | G5: =IFERROR(VLOOKUP(#REF!,#REF!, 6, FALSE), "") | H5: =IFERROR(VLOOKUP(#REF!,#REF!, 7, FALSE), "") | I5: =IFERROR(VLOOKUP(#REF!,#REF!, 14, FALSE), "") | J5: =IFERROR(VLOOKUP(#REF!,#REF!, 2, FALSE), "") | K5: =IFERROR(VLOOKUP(#REF!,#REF!, 3, FALSE), "") | L5: =IFERROR(VLOOKUP(#REF!,#REF!, 4, FALSE), "") | M5: =IFERROR(K5*0.5+L5*1,0) -> 0 | N5: =H5-M5 -> #VALUE! | O5: =IFERROR(VLOOKUP(#REF!, erp_leave!$A:$D, 2, FALSE), "") | P5: =IFERROR(ABS(O5-N5),0) -> 0
A6: =biometric!A6 -> GCU010024 | B6: =biometric!B6 -> Mridul Das | C6: =biometric!C6 -> - | D6: =biometric!D6 -> Administration | E6: 20 | G6: =IFERROR(VLOOKUP(#REF!,#REF!, 6, FALSE), "") | H6: =IFERROR(VLOOKUP(#REF!,#REF!, 7, FALSE), "") | I6: =IFERROR(VLOOKUP(#REF!,#REF!, 14, FALSE), "") | J6: =IFERROR(VLOOKUP(#REF!,#REF!, 2, FALSE), "") | K6: =IFERROR(VLOOKUP(#REF!,#REF!, 3, FALSE), "") | L6: =IFERROR(VLOOKUP(#REF!,#REF!, 4, FALSE), "") | M6: =IFERROR(K6*0.5+L6*1,0) -> 0 | N6: =H6-M6 -> #VALUE! | O6: =IFERROR(VLOOKUP(#REF!, erp_leave!$A:$D, 2, FALSE), "") | P6: =IFERROR(ABS(O6-N6),0) -> 0
A7: =biometric!A7 -> GCU010025 | B7: =biometric!B7 -> Arup Kumar Das | C7: =biometric!C7 -> Administration | D7: =biometric!D7 -> Administration | E7: 20 | G7: =IFERROR(VLOOKUP(#REF!,#REF!, 6, FALSE), "") | H7: =IFERROR(VLOOKUP(#REF!,#REF!, 7, FALSE), "") | I7: =IFERROR(VLOOKUP(#REF!,#REF!, 14, FALSE), "") | J7: =IFERROR(VLOOKUP(#REF!,#REF!, 2, FALSE), "") | K7: =IFERROR(VLOOKUP(#REF!,#REF!, 3, FALSE), "") | L7: =IFERROR(VLOOKUP(#REF!,#REF!, 4, FALSE), "") | M7: =IFERROR(K7*0.5+L7*1,0) -> 0 | N7: =H7-M7 -> #VALUE! | O7: =IFERROR(VLOOKUP(#REF!, erp_leave!$A:$D, 2, FALSE), "") | P7: =IFERROR(ABS(O7-N7),0) -> 0
A8: =biometric!A8 -> GCU010026 | B8: =biometric!B8 -> Biraj Kr. Borgohain | C8: =biometric!C8 -> - | D8: =biometric!D8 -> Administration | E8: 20 | G8: =IFERROR(VLOOKUP(#REF!,#REF!, 6, FALSE), "") | H8: =IFERROR(VLOOKUP(#REF!,#REF!, 7, FALSE), "") | I8: =IFERROR(VLOOKUP(#REF!,#REF!, 14, FALSE), "") | J8: =IFERROR(VLOOKUP(#REF!,#REF!, 2, FALSE), "") | K8: =IFERROR(VLOOKUP(#REF!,#REF!, 3, FALSE), "") | L8: =IFERROR(VLOOKUP(#REF!,#REF!, 4, FALSE), "") | M8: =IFERROR(K8*0.5+L8*1,0) -> 0 | N8: =H8-M8 -> #VALUE! | O8: =IFERROR(VLOOKUP(#REF!, erp_leave!$A:$D, 2, FALSE), "") | P8: =IFERROR(ABS(O8-N8),0) -> 0
A9: =biometric!A9 -> GCU010033 | B9: =biometric!B9 -> Parash Kumar Das | C9: =biometric!C9 -> Lab assistant | D9: =biometric!D9 -> Administration | E9: 20 | G9: =IFERROR(VLOOKUP(#REF!,#REF!, 6, FALSE), "") | H9: =IFERROR(VLOOKUP(#REF!,#REF!, 7, FALSE), "") | I9: =IFERROR(VLOOKUP(#REF!,#REF!, 14, FALSE), "") | J9: =IFERROR(VLOOKUP(#REF!,#REF!, 2, FALSE), "") | K9: =IFERROR(VLOOKUP(#REF!,#REF!, 3, FALSE), "") | L9: =IFERROR(VLOOKUP(#REF!,#REF!, 4, FALSE), "") | M9: =IFERROR(K9*0.5+L9*1,0) -> 0 | N9: =H9-M9 -> #VALUE! | O9: =IFERROR(VLOOKUP(#REF!, erp_leave!$A:$D, 2, FALSE), "") | P9: =IFERROR(ABS(O9-N9),0) -> 0
A10: =biometric!A10 -> GCU010034 | B10: =biometric!B10 -> Manish Das | C10: =biometric!C10 -> - | D10: =biometric!D10 -> Admin Non Teaching | E10: 20 | G10: =IFERROR(VLOOKUP(#REF!,#REF!, 6, FALSE), "") | H10: =IFERROR(VLOOKUP(#REF!,#REF!, 7, FALSE), "") | I10: =IFERROR(VLOOKUP(#REF!,#REF!, 14, FALSE), "") | J10: =IFERROR(VLOOKUP(#REF!,#REF!, 2, FALSE), "") | K10: =IFERROR(VLOOKUP(#REF!,#REF!, 3, FALSE), "") | L10: =IFERROR(VLOOKUP(#REF!,#REF!, 4, FALSE), "") | M10: =IFERROR(K10*0.5+L10*1,0) -> 0 | N10: =H10-M10 -> #VALUE! | O10: =IFERROR(VLOOKUP(#REF!, erp_leave!$A:$D, 2, FALSE), "") | P10: =IFERROR(ABS(O10-N10),0) -> 0
A11: =biometric!A11 -> GCU010036 | B11: =biometric!B11 -> Pranjeet Das | C11: =biometric!C11 -> - | D11: =biometric!D11 -> Administration | E11: 20 | G11: =IFERROR(VLOOKUP(#REF!,#REF!, 6, FALSE), "") | H11: =IFERROR(VLOOKUP(#REF!,#REF!, 7, FALSE), "") | I11: =IFERROR(VLOOKUP(#REF!,#REF!, 14, FALSE), "") | J11: =IFERROR(VLOOKUP(#REF!,#REF!, 2, FALSE), "") | K11: =IFERROR(VLOOKUP(#REF!,#REF!, 3, FALSE), "") | L11: =IFERROR(VLOOKUP(#REF!,#REF!, 4, FALSE), "") | M11: =IFERROR(K11*0.5+L11*1,0) -> 0 | N11: =H11-M11 -> #VALUE! | O11: =IFERROR(VLOOKUP(#REF!, erp_leave!$A:$D, 2, FALSE), "") | P11: =IFERROR(ABS(O11-N11),0) -> 0
A12: =biometric!A12 -> GCU010037 | B12: =biometric!B12 -> ANUJ MEDHI | C12: =biometric!C12 -> - | D12: =biometric!D12 -> Administration | E12: 20 | G12: =IFERROR(VLOOKUP(#REF!,#REF!, 6, FALSE), "") | H12: =IFERROR(VLOOKUP(#REF!,#REF!, 7, FALSE), "") | I12: =IFERROR(VLOOKUP(#REF!,#REF!, 14, FALSE), "") | J12: =IFERROR(VLOOKUP(#REF!,#REF!, 2, FALSE), "") | K12: =IFERROR(VLOOKUP(#REF!,#REF!, 3, FALSE), "") | L12: =IFERROR(VLOOKUP(#REF!,#REF!, 4, FALSE), "") | M12: =IFERROR(K12*0.5+L12*1,0) -> 0 | N12: =H12-M12 -> #VALUE! | O12: =IFERROR(VLOOKUP(#REF!, erp_leave!$A:$D, 2, FALSE), "") | P12: =IFERROR(ABS(O12-N12),0) -> 0
A13: =biometric!A13 -> GCU010038 | B13: =biometric!B13 -> Nayanjyoti Baruah | C13: =biometric!C13 -> - | D13: =biometric!D13 -> Admin Non Teaching | E13: 20 | G13: =IFERROR(VLOOKUP(#REF!,#REF!, 6, FALSE), "") | H13: =IFERROR(VLOOKUP(#REF!,#REF!, 7, FALSE), "") | I13: =IFERROR(VLOOKUP(#REF!,#REF!, 14, FALSE), "") | J13: =IFERROR(VLOOKUP(#REF!,#REF!, 2, FALSE), "") | K13: =IFERROR(VLOOKUP(#REF!,#REF!, 3, FALSE), "") | L13: =IFERROR(VLOOKUP(#REF!,#REF!, 4, FALSE), "") | M13: =IFERROR(K13*0.5+L13*1,0) -> 0 | N13: =H13-M13 -> #VALUE! | O13: =IFERROR(VLOOKUP(#REF!, erp_leave!$A:$D, 2, FALSE), "") | P13: =IFERROR(ABS(O13-N13),0) -> 0
A14: =biometric!A14 -> GCU010039 | B14: =biometric!B14 -> Babita Baishya | C14: =biometric!C14 -> - | D14: =biometric!D14 -> Administration | E14: 20 | G14: =IFERROR(VLOOKUP(#REF!,#REF!, 6, FALSE), "") | H14: =IFERROR(VLOOKUP(#REF!,#REF!, 7, FALSE), "") | I14: =IFERROR(VLOOKUP(#REF!,#REF!, 14, FALSE), "") | J14: =IFERROR(VLOOKUP(#REF!,#REF!, 2, FALSE), "") | K14: =IFERROR(VLOOKUP(#REF!,#REF!, 3, FALSE), "") | L14: =IFERROR(VLOOKUP(#REF!,#REF!, 4, FALSE), "") | M14: =IFERROR(K14*0.5+L14*1,0) -> 0 | N14: =H14-M14 -> #VALUE! | O14: =IFERROR(VLOOKUP(#REF!, erp_leave!$A:$D, 2, FALSE), "") | P14: =IFERROR(ABS(O14-N14),0) -> 0
... A80: =biometric!A80 -> GCU030087 | B80: =biometric!B80 -> Diganta Kumar Das | C80: =biometric!C80 -> Non Teaching | D80: =biometric!D80 -> Admin Non Teaching | E80: 20 | G80: =IFERROR(VLOOKUP(#REF!,#REF!, 6, FALSE), "") | H80: =IFERROR(VLOOKUP(#REF!,#REF!, 7, FALSE), "") | I80: =IFERROR(VLOOKUP(#REF!,#REF!, 14, FALSE), "") | J80: =IFERROR(VLOOKUP(#REF!,#REF!, 2, FALSE), "") | K80: =IFERROR(VLOOKUP(#REF!,#REF!, 3, FALSE), "") | L80: =IFERROR(VLOOKUP(#REF!,#REF!, 4, FALSE), "") | M80: =IFERROR(K80*0.5+L80*1,0) -> 0 | N80: =H80-M80 -> #VALUE! | O80: =IFERROR(VLOOKUP(#REF!, erp_leave!$A:$D, 2, FALSE), "") | P80: =IFERROR(ABS(O80-N80),0) -> 0
A81: =biometric!A81 -> GCU030088 | B81: =biometric!B81 -> Bina Basfor | C81: =biometric!C81 -> Cleaner | D81: =biometric!D81 -> Admin Non Teaching | E81: 20 | H81: =IFERROR(VLOOKUP(#REF!,#REF!, 7, FALSE), "") | I81: =IFERROR(VLOOKUP(#REF!,#REF!, 14, FALSE), "") | J81: =IFERROR(VLOOKUP(#REF!,#REF!, 2, FALSE), "") | K81: =IFERROR(VLOOKUP(#REF!,#REF!, 3, FALSE), "") | L81: =IFERROR(VLOOKUP(#REF!,#REF!, 4, FALSE), "") | M81: =IFERROR(K81*0.5+L81*1,0) -> 0 | N81: =H81-M81 -> #VALUE! | O81: =IFERROR(VLOOKUP(#REF!, erp_leave!$A:$D, 2, FALSE), "") | P81: =IFERROR(ABS(O81-N81),0) -> 0
A82: =biometric!A82 -> GCU030089 | B82: =biometric!B82 -> Hanufa Bibi | C82: =biometric!C82 -> Cleaner | D82: =biometric!D82 -> Admin Non Teaching | E82: 20 | G82: =IFERROR(VLOOKUP(#REF!,#REF!, 6, FALSE), "") | H82: =IFERROR(VLOOKUP(#REF!,#REF!, 7, FALSE), "") | I82: =IFERROR(VLOOKUP(#REF!,#REF!, 14, FALSE), "") | J82: =IFERROR(VLOOKUP(#REF!,#REF!, 2, FALSE), "") | K82: =IFERROR(VLOOKUP(#REF!,#REF!, 3, FALSE), "") | L82: =IFERROR(VLOOKUP(#REF!,#REF!, 4, FALSE), "") | M82: =IFERROR(K82*0.5+L82*1,0) -> 0 | N82: =H82-M82 -> #VALUE! | O82: =IFERROR(VLOOKUP(#REF!, erp_leave!$A:$D, 2, FALSE), "") | P82: =IFERROR(ABS(O82-N82),0) -> 0
A83: =biometric!A83 -> GCU030090 | B83: =biometric!B83 -> Mina Basfor | C83: =biometric!C83 -> Cleaner | D83: =biometric!D83 -> Admin Non Teaching | E83: 20 | G83: =IFERROR(VLOOKUP(#REF!,#REF!, 6, FALSE), "") | H83: =IFERROR(VLOOKUP(#REF!,#REF!, 7, FALSE), "") | I83: =IFERROR(VLOOKUP(#REF!,#REF!, 14, FALSE), "") | J83: =IFERROR(VLOOKUP(#REF!,#REF!, 2, FALSE), "") | K83: =IFERROR(VLOOKUP(#REF!,#REF!, 3, FALSE), "") | L83: =IFERROR(VLOOKUP(#REF!,#REF!, 4, FALSE), "") | M83: =IFERROR(K83*0.5+L83*1,0) -> 0 | N83: =H83-M83 -> #VALUE! | O83: =IFERROR(VLOOKUP(#REF!, erp_leave!$A:$D, 2, FALSE), "") | P83: =IFERROR(ABS(O83-N83),0) -> 0
A84: =biometric!A84 -> GCU030091 | B84: =biometric!B84 -> Ashutosh Das | C84: =biometric!C84 -> Non Teaching | D84: =biometric!D84 -> Admin Non Teaching | E84: 20 | G84: =IFERROR(VLOOKUP(#REF!,#REF!, 6, FALSE), "") | H84: =IFERROR(VLOOKUP(#REF!,#REF!, 7, FALSE), "") | I84: =IFERROR(VLOOKUP(#REF!,#REF!, 14, FALSE), "") | J84: =IFERROR(VLOOKUP(#REF!,#REF!, 2, FALSE), "") | K84: =IFERROR(VLOOKUP(#REF!,#REF!, 3, FALSE), "") | L84: =IFERROR(VLOOKUP(#REF!,#REF!, 4, FALSE), "") | M84: =IFERROR(K84*0.5+L84*1,0) -> 0 | N84: =H84-M84 -> #VALUE! | O84: =IFERROR(VLOOKUP(#REF!, erp_leave!$A:$D, 2, FALSE), "") | P84: =IFERROR(ABS(O84-N84),0) -> 0
A85: =biometric!A85 -> GCU030093 | B85: =biometric!B85 -> Simanta Baishya | C85: =biometric!C85 -> Non Teaching | D85: =biometric!D85 -> Admin Non Teaching | E85: 20 | G85: =IFERROR(VLOOKUP(#REF!,#REF!, 6, FALSE), "") | H85: =IFERROR(VLOOKUP(#REF!,#REF!, 7, FALSE), "") | I85: =IFERROR(VLOOKUP(#REF!,#REF!, 14, FALSE), "") | J85: =IFERROR(VLOOKUP(#REF!,#REF!, 2, FALSE), "") | K85: =IFERROR(VLOOKUP(#REF!,#REF!, 3, FALSE), "") | L85: =IFERROR(VLOOKUP(#REF!,#REF!, 4, FALSE), "") | M85: =IFERROR(K85*0.5+L85*1,0) -> 0 | N85: =H85-M85 -> #VALUE! | O85: =IFERROR(VLOOKUP(#REF!, erp_leave!$A:$D, 2, FALSE), "") | P85: =IFERROR(ABS(O85-N85),0) -> 0
A86: =biometric!A86 -> GCU030094 | B86: =biometric!B86 -> Amit Basfore | C86: =biometric!C86 -> Cleaner | D86: =biometric!D86 -> Admin Non Teaching | E86: 20 | G86: =IFERROR(VLOOKUP(#REF!,#REF!, 6, FALSE), "") | H86: =IFERROR(VLOOKUP(#REF!,#REF!, 7, FALSE), "") | I86: =IFERROR(VLOOKUP(#REF!,#REF!, 14, FALSE), "") | J86: =IFERROR(VLOOKUP(#REF!,#REF!, 2, FALSE), "") | K86: =IFERROR(VLOOKUP(#REF!,#REF!, 3, FALSE), "") | L86: =IFERROR(VLOOKUP(#REF!,#REF!, 4, FALSE), "") | M86: =IFERROR(K86*0.5+L86*1,0) -> 0 | N86: =H86-M86 -> #VALUE! | O86: =IFERROR(VLOOKUP(#REF!, erp_leave!$A:$D, 2, FALSE), "") | P86: =IFERROR(ABS(O86-N86),0) -> 0
A87: =biometric!A87 -> GCU030095 | B87: =biometric!B87 -> Hemanti Basfor | C87: =biometric!C87 -> Cleaner | D87: =biometric!D87 -> Admin Non Teaching | E87: 20 | G87: =IFERROR(VLOOKUP(#REF!,#REF!, 6, FALSE), "") | H87: =IFERROR(VLOOKUP(#REF!,#REF!, 7, FALSE), "") | I87: =IFERROR(VLOOKUP(#REF!,#REF!, 14, FALSE), "") | J87: =IFERROR(VLOOKUP(#REF!,#REF!, 2, FALSE), "") | K87: =IFERROR(VLOOKUP(#REF!,#REF!, 3, FALSE), "") | L87: =IFERROR(VLOOKUP(#REF!,#REF!, 4, FALSE), "") | M87: =IFERROR(K87*0.5+L87*1,0) -> 0 | N87: =H87-M87 -> #VALUE! | O87: =IFERROR(VLOOKUP(#REF!, erp_leave!$A:$D, 2, FALSE), "") | P87: =IFERROR(ABS(O87-N87),0) -> 0
A88: =biometric!A88 -> GCU030096 | B88: =biometric!B88 -> Kamal Das | C88: =biometric!C88 -> Non Teaching | D88: =biometric!D88 -> Admin Non Teaching | E88: 20 | G88: =IFERROR(VLOOKUP(#REF!,#REF!, 6, FALSE), "") | H88: =IFERROR(VLOOKUP(#REF!,#REF!, 7, FALSE), "") | I88: =IFERROR(VLOOKUP(#REF!,#REF!, 14, FALSE), "") | J88: =IFERROR(VLOOKUP(#REF!,#REF!, 2, FALSE), "") | K88: =IFERROR(VLOOKUP(#REF!,#REF!, 3, FALSE), "") | L88: =IFERROR(VLOOKUP(#REF!,#REF!, 4, FALSE), "") | M88: =IFERROR(K88*0.5+L88*1,0) -> 0 | N88: =H88-M88 -> #VALUE! | O88: =IFERROR(VLOOKUP(#REF!, erp_leave!$A:$D, 2, FALSE), "") | P88: =IFERROR(ABS(O88-N88),0) -> 0
A89: =biometric!A89 -> GCU030099 | B89: =biometric!B89 -> Girija Nath | C89: =biometric!C89 -> Non Teaching | D89: =biometric!D89 -> Admin Non Teaching | E89: 20 | G89: =IFERROR(VLOOKUP(#REF!,#REF!, 6, FALSE), "") | H89: =IFERROR(VLOOKUP(#REF!,#REF!, 7, FALSE), "") | I89: =IFERROR(VLOOKUP(#REF!,#REF!, 14, FALSE), "") | J89: =IFERROR(VLOOKUP(#REF!,#REF!, 2, FALSE), "") | K89: =IFERROR(VLOOKUP(#REF!,#REF!, 3, FALSE), "") | L89: =IFERROR(VLOOKUP(#REF!,#REF!, 4, FALSE), "") | M89: =IFERROR(K89*0.5+L89*1,0) -> 0 | N89: =H89-M89 -> #VALUE! | O89: =IFERROR(VLOOKUP(#REF!, erp_leave!$A:$D, 2, FALSE), "") | P89: =IFERROR(ABS(O89-N89),0) -> 0
A90: =biometric!A90 -> GCU030100 | B90: =biometric!B90 -> Sanjuma Begum | C90: =biometric!C90 -> Multitasking Assistant | D90: =biometric!D90 -> Admin Non Teaching | E90: 20 | G90: =IFERROR(VLOOKUP(#REF!,#REF!, 6, FALSE), "") | H90: =IFERROR(VLOOKUP(#REF!,#REF!, 7, FALSE), "") | I90: =IFERROR(VLOOKUP(#REF!,#REF!, 14, FALSE), "") | J90: =IFERROR(VLOOKUP(#REF!,#REF!, 2, FALSE), "") | K90: =IFERROR(VLOOKUP(#REF!,#REF!, 3, FALSE), "") | L90: =IFERROR(VLOOKUP(#REF!,#REF!, 4, FALSE), "") | M90: =IFERROR(K90*0.5+L90*1,0) -> 0 | N90: =H90-M90 -> #VALUE! | O90: =IFERROR(VLOOKUP(#REF!, erp_leave!$A:$D, 2, FALSE), "") | P90: =IFERROR(ABS(O90-N90),0) -> 0
A91: =biometric!A91 -> GCU030102 | B91: =biometric!B91 -> Jit Keleng | C91: =biometric!C91 -> Security Guard | D91: =biometric!D91 -> Admin Non Teaching | E91: 20 | G91: =IFERROR(VLOOKUP(#REF!,#REF!, 6, FALSE), "") | H91: =IFERROR(VLOOKUP(#REF!,#REF!, 7, FALSE), "") | I91: =IFERROR(VLOOKUP(#REF!,#REF!, 14, FALSE), "") | J91: =IFERROR(VLOOKUP(#REF!,#REF!, 2, FALSE), "") | K91: =IFERROR(VLOOKUP(#REF!,#REF!, 3, FALSE), "") | L91: =IFERROR(VLOOKUP(#REF!,#REF!, 4, FALSE), "") | M91: =IFERROR(K91*0.5+L91*1,0) -> 0 | N91: =H91-M91 -> #VALUE! | O91: =IFERROR(VLOOKUP(#REF!, erp_leave!$A:$D, 2, FALSE), "") | P91: =IFERROR(ABS(O91-N91),0) -> 0
A92: =biometric!A92 -> GCU030103 | B92: =biometric!B92 -> Apurba Das | C92: =biometric!C92 -> Non Teaching | D92: =biometric!D92 -> Admin Non Teaching | E92: 20 | G92: =IFERROR(VLOOKUP(#REF!,#REF!, 6, FALSE), "") | H92: =IFERROR(VLOOKUP(#REF!,#REF!, 7, FALSE), "") | I92: =IFERROR(VLOOKUP(#REF!,#REF!, 14, FALSE), "") | J92: =IFERROR(VLOOKUP(#REF!,#REF!, 2, FALSE), "") | K92: =IFERROR(VLOOKUP(#REF!,#REF!, 3, FALSE), "") | L92: =IFERROR(VLOOKUP(#REF!,#REF!, 4, FALSE), "") | M92: =IFERROR(K92*0.5+L92*1,0) -> 0 | N92: =H92-M92 -> #VALUE! | O92: =IFERROR(VLOOKUP(#REF!, erp_leave!$A:$D, 2, FALSE), "") | P92: =IFERROR(ABS(O92-N92),0) -> 0
A93: =biometric!A93 -> GCU030104 | B93: =biometric!B93 -> Amalesh Baruah | C93: =biometric!C93 -> System Administrator | D93: =biometric!D93 -> Admin Non Teaching | E93: 20 | G93: =IFERROR(VLOOKUP(#REF!,#REF!, 6, FALSE), "") | H93: =IFERROR(VLOOKUP(#REF!,#REF!, 7, FALSE), "") | I93: =IFERROR(VLOOKUP(#REF!,#REF!, 14, FALSE), "") | J93: =IFERROR(VLOOKUP(#REF!,#REF!, 2, FALSE), "") | K93: =IFERROR(VLOOKUP(#REF!,#REF!, 3, FALSE), "") | L93: =IFERROR(VLOOKUP(#REF!,#REF!, 4, FALSE), "") | M93: =IFERROR(K93*0.5+L93*1,0) -> 0 | N93: =H93-M93 -> #VALUE! | O93: =IFERROR(VLOOKUP(#REF!, erp_leave!$A:$D, 2, FALSE), "") | P93: =IFERROR(ABS(O93-N93),0) -> 0
... A140: =biometric!A140 -> GCU030181 | B140: =biometric!B140 -> Minakshi Patowari | C140: =biometric!C140 -> Security Guard | D140: =biometric!D140 -> Admin Non Teaching | E140: 20 | G140: =IFERROR(VLOOKUP(#REF!,#REF!, 6, FALSE), "") | H140: =IFERROR(VLOOKUP(#REF!,#REF!, 7, FALSE), "") | I140: =IFERROR(VLOOKUP(#REF!,#REF!, 14, FALSE), "") | J140: =IFERROR(VLOOKUP(#REF!,#REF!, 2, FALSE), "") | K140: =IFERROR(VLOOKUP(#REF!,#REF!, 3, FALSE), "") | L140: =IFERROR(VLOOKUP(#REF!,#REF!, 4, FALSE), "") | M140: =IFERROR(K140*0.5+L140*1,0) -> 0 | N140: =H140-M140 -> #VALUE! | O140: =IFERROR(VLOOKUP(#REF!, erp_leave!$A:$D, 2, FALSE), "") | P140: =IFERROR(ABS(O140-N140),0) -> 0
A141: =biometric!A141 -> GCU030183 | B141: =biometric!B141 -> 0 | C141: =biometric!C141 -> 0 | D141: =biometric!D141 -> 0 | G141: =IFERROR(VLOOKUP(#REF!,#REF!, 6, FALSE), "") | H141: =IFERROR(VLOOKUP(#REF!,#REF!, 7, FALSE), "") | I141: =IFERROR(VLOOKUP(#REF!,#REF!, 14, FALSE), "") | J141: =IFERROR(VLOOKUP(#REF!,#REF!, 2, FALSE), "") | K141: =IFERROR(VLOOKUP(#REF!,#REF!, 3, FALSE), "") | L141: =IFERROR(VLOOKUP(#REF!,#REF!, 4, FALSE), "") | M141: =IFERROR(K141*0.5+L141*1,0) -> 0 | N141: =H141-M141 -> #VALUE! | O141: =IFERROR(VLOOKUP(#REF!, erp_leave!$A:$D, 2, FALSE), "") | P141: =IFERROR(ABS(O141-N141),0) -> 0
A142: =biometric!A142 -> GCU030184 | B142: =biometric!B142 -> 0 | C142: =biometric!C142 -> 0 | D142: =biometric!D142 -> 0 | G142: =IFERROR(VLOOKUP(#REF!,#REF!, 6, FALSE), "") | H142: =IFERROR(VLOOKUP(#REF!,#REF!, 7, FALSE), "") | I142: =IFERROR(VLOOKUP(#REF!,#REF!, 14, FALSE), "") | J142: =IFERROR(VLOOKUP(#REF!,#REF!, 2, FALSE), "") | K142: =IFERROR(VLOOKUP(#REF!,#REF!, 3, FALSE), "") | L142: =IFERROR(VLOOKUP(#REF!,#REF!, 4, FALSE), "") | M142: =IFERROR(K142*0.5+L142*1,0) -> 0 | N142: =H142-M142 -> #VALUE! | O142: =IFERROR(VLOOKUP(#REF!, erp_leave!$A:$D, 2, FALSE), "") | P142: =IFERROR(ABS(O142-N142),0) -> 0
A143: =biometric!A143 -> GCU030185 | B143: =biometric!B143 -> 0 | C143: =biometric!C143 -> 0 | D143: =biometric!D143 -> 0 | G143: =IFERROR(VLOOKUP(#REF!,#REF!, 6, FALSE), "") | H143: =IFERROR(VLOOKUP(#REF!,#REF!, 7, FALSE), "") | I143: =IFERROR(VLOOKUP(#REF!,#REF!, 14, FALSE), "") | J143: =IFERROR(VLOOKUP(#REF!,#REF!, 2, FALSE), "") | K143: =IFERROR(VLOOKUP(#REF!,#REF!, 3, FALSE), "") | L143: =IFERROR(VLOOKUP(#REF!,#REF!, 4, FALSE), "") | M143: =IFERROR(K143*0.5+L143*1,0) -> 0 | N143: =H143-M143 -> #VALUE! | O143: =IFERROR(VLOOKUP(#REF!, erp_leave!$A:$D, 2, FALSE), "") | P143: =IFERROR(ABS(O143-N143),0) -> 0
A144: =biometric!A144 -> GCU030186 | B144: =biometric!B144 -> 0 | C144: =biometric!C144 -> 0 | D144: =biometric!D144 -> 0 | G144: =IFERROR(VLOOKUP(#REF!,#REF!, 6, FALSE), "") | H144: =IFERROR(VLOOKUP(#REF!,#REF!, 7, FALSE), "") | I144: =IFERROR(VLOOKUP(#REF!,#REF!, 14, FALSE), "") | J144: =IFERROR(VLOOKUP(#REF!,#REF!, 2, FALSE), "") | K144: =IFERROR(VLOOKUP(#REF!,#REF!, 3, FALSE), "") | L144: =IFERROR(VLOOKUP(#REF!,#REF!, 4, FALSE), "") | M144: =IFERROR(K144*0.5+L144*1,0) -> 0 | N144: =H144-M144 -> #VALUE! | O144: =IFERROR(VLOOKUP(#REF!, erp_leave!$A:$D, 2, FALSE), "") | P144: =IFERROR(ABS(O144-N144),0) -> 0

Sheet Final_report
